id,joke,category
773,"Yo mama's so tall, she makes Shaquille O'Neal look like Gary Coleman.",tall
772,"Yo mama's so tall, she has to take out the driver's seat of her car and sit in the back to operate the vehicle.",tall
771,"Yo mama's so tall, she uses two 100-foot ladders as crutches.",tall
770,"Yo mama's so tall, she can see her house from anywhere.",tall
768,Yo mama is so tall that she tripped over a rock and hit her head on the moon.,tall
767,Yo mama is so tall that she tripped in Michigan and bumped her head in Florida.,tall
766,"Yo mama is so skinny that instead of calling her your parent, you call her transparent.",skinny
764,Yo mama is so skinny that her pants only have one belt loop.,skinny
763,Yo mama is so skinny that if she had a yeast infection she'd be a Quarter Pounder with Cheese.,skinny
762,Yo mama is so skinny that she had to stand in the same place twice to cast a shadow.,skinny
761,Yo mama is so skinny that her bra fits better when she wears it backwards.,skinny
760,"Yo mama is so skinny that when she takes a bath and lets the water out, her toes get caught in the drain.",skinny
759,Yo mama is so skinny that she goes hot tubbing with the Mini Wheats Man.,skinny
758,"Yo mama is so skinny that if she turned sideways and stuck out her tongue, she would look like a zipper.",skinny
757,Yo mama is so skinny that she uses Chapstick for deodorant.,skinny
755,Yo mama is so skinny that she can dodge rain drops.,skinny
754,Yo mama is so skinny that she only has one stripe on her pajamas.,skinny
753,Yo mama is so skinny that she looks like a mic stand.,skinny
752,Yo mama is so skinny that I could blind-fold her with dental floss.,skinny
751,Yo mama is so skinny that her nipples touch.,skinny
750,"Yo mama is so skinny that if she had a sesame seed on her head, she'd look like a push pin.",skinny
749,"Yo mama is so skinny that when she wore her yellow dress, she looked like an HB pencil.",skinny
748,Yo mama is so skinny that she has to run around in the shower to get wet.,skinny
747,Yo mama is so skinny that you can save her from drowning by tossing her a Fruit Loop.,skinny
746,Yo mama is so skinny that she uses a Band-Aid as a maxi-pad.,skinny
745,Yo mama is so skinny that she can see out a peephole with both eyes.,skinny
743,Yo mama is so skinny that she has to wear a belt with spandex.,skinny
742,Yo mama is so skinny that she hula hoops with a Cheerio.,skinny
741,Yo mama is so skinny that she turned sideways and disappeared.,skinny
740,Yo mama's arms are so short that she has to tilt her head to scratch her ear.,short
739,Yo mama is so short that she can play handball on the curb.,short
738,Yo mama's so short that when she sat on the curb her feet didn't touch the ground.,short
737,"Yo mama is so short, you can make a life size sculpture of her using one can of Play-Doh.",short
736,Yo mama is so short that she makes Gary Coleman look like Shaquille O'Neal.,short
735,Yo mama is so short that she has to look up to look down.,short
734,Yo mama is so short that she slam-dunks her bus fare.,short
733,Yo mama is so short that she uses a condom for a sleeping bag.,short
732,Yo mama is so short that she can limbo under the door.,short
731,Yo mama is so short that when I was dissin' her she tried to jump kick me in the ankle.,short
730,Yo mama is so short that she can do push-ups under the door.,short
729,Yo mama is so short that she does pull-ups on a staple.,short
728,"Yo mama is so short that when she sneezes, she hits her head on the floor.",short
727,Yo mama is so short that she has to get a running start to get up on the toilet.,short
726,Yo mama is so short that her homies are the Keebler Elfs.,short
725,Yo mama is so short that she models for trophies.,short
724,Yo mama is so short that she does back flips under the bed.,short
723,Yo mama is so short that she has to use a ladder to pick up a dime.,short
722,Yo mama is so short that you can see her feet on her drivers license!,short
721,Yo mama is so poor that when I ring the doorbell I hear the toilet flush!,poor
720,"Yo mama is so poor that when I saw her in the park digging up plants, she said she was ""getting groceries"".",poor
719,Yo mama is so poor that her idea of a timeshare is a few days camped out under a bridge.,poor
718,"Yo mama is so poor that when she tells people her address, she says ""it's in the second alley from main street, beside the yellow dumpster.""",poor
717,"Yo mama is so poor that for Halloween, her trick was the treat.",poor
715,Yo mama is so poor that she got in an elevator and thought it was a mobile home.,poor
714,"Yo mama is so poor that when I ring the doorbell she says,""DING!""",poor
713,Yo mama is so poor that your family ate cereal with a fork to save milk.,poor
712,"Yo mama is so poor that after I pissed in your yard, she thanked me for watering the lawn.",poor
711,"Yo mama is so poor that when I asked what was for dinner, she pulled her shoelaces off and said ""Spaghetti.""",poor
710,"Yo mama is so poor that I walked into her house and swatted a firefly and Yo Mama said, ""Who turned off the lights?""",poor
709,"Yo mama is so poor that we were on a road trip and she stopped by a dumpster and got out. I said ""what are you doing"" and she said I'm ""booking a hotel!""",poor
708,"Yo mama is so poor that I threw a rock at a trash can and she popped out and said ""Who knocked?""",poor
707,"Yo mama is so poor that when I saw her rolling some trash cans around in an alley, I asked her what she was doing, she said ""Remodeling.""",poor
706,"Yo mama is so poor that when I went over to her house for dinner and grabbed a paper plate, she said ""Don't use the good china!""",poor
705,Yo mama is so poor that she married young just to get the rice!,poor
704,Yo mama is so poor that burglars break in and leave money.,poor
703,"Yo mama is so poor that when yo family watches TV, they go to Sears.",poor
702,Yo mama is so poor that her idea of a fortune cookie is a tortilla with a food stamp in it.,poor
701,Yo mama is so poor that she washes paper plates.,poor
700,Yo mama is so poor that she can't even afford to go to the free clinic.,poor
699,Yo mama is so poor that she watches TV on an Etch-A-Sketch.,poor
698,Yo mama is so poor that your TV got 2 channels: ON and OFF.,poor
697,"Yo mama is so poor that when I walked inside her house and put out a cigarette, she said ""who turned off the heater?""",poor
696,"Yo mama is so poor that I walked into her house, asked to use the bathroom, and she said ""3rd bucket to your right.""",poor
695,"Yo mama is so poor that I stepped on her skateboard and she said ""Hey, get off the car!""",poor
694,"Yo mama is so poor that I went to her house and tore down some cob webs, and she said ""Who's tearing down the drapes?""",poor
693,Yo mama is so poor that her face is on the front of a food stamp.,poor
692,"Yo mama is so poor that when I saw her walking down the street with one shoe and said ""Hey miss, lost a shoe?"" she said ""Nope, just found one!""",poor
691,Yo mama is so poor that she can't even put her two cents in this conversation.,poor
690,Yo mama is so poor that the closest thing to a car she has is a low-rider shopping cart with a box on it.,poor
689,Yo mama is so poor that I saw her wrestling a squirrel for a peanut.,poor
688,Yo mama is so poor that her front and back doors are on the same hinge.,poor
687,Yo mama is so poor that I went through her front door and ended up in the back yard.,poor
686,Yo mama is so poor that she lives in a two story Doritos bag with a dog named Chip.,poor
685,Yo mama is so poor that she had to get a second mortgage on her cardboard box.,poor
684,Yo mama is so poor that she has to take the trash IN.,poor
683,Yo mama is so poor that I came over for dinner and she read me recipes.,poor
682,Yo mama is so poor that she's got more furniture on her porch than in her house.,poor
681,Yo mama is so poor that she has to wear her McDonald's uniform to church.,poor
680,Yo mama is so poor she couldn't afford to apply for Medicare!,poor
679,Yo mama is so poor Nigerian scammers wire HER money!,poor
678,Yo mama is so poor that the bank repossesed her cardboard box.,poor
677,Yo mama is so poor that I saw her running after a garbage truck with a shopping list.,poor
676,Yo mama is so poor that she waves around a popsicle stick and calls it air conditioning.,poor
675,"Yo mama is so poor that when I saw her kicking a can down the street, I asked her what she was doing, and she said ""moving.""",poor
674,Yo mama is so poor that she can't afford to pay attention!,poor
673,Yo mama is so poor that she went to McDonald's and put a milkshake on layaway.,poor
672,"Yo mama is so poor that when she goes to KFC, she has to lick other people's fingers!",poor
671,"Yo mama is so poor that she was in K-Mart with a box of Hefty bags and when I asked her what she was doing she said, ""Buying luggage.""",poor
670,Yo mama is so old that she ran track with dinosaurs.,old
669,Yo mama is so old that she owes Jesus a dollar.,old
668,Yo mama is so old that she was a waitress at the Last Supper.,old
667,Yo mama is so old that when she was young rainbows were black and white.,old
666,"Yo mama is so old, when she breast feeds, people mistake her for a fog machine.",old
665,"Yo mama is so old that when she was born, the Dead Sea was just getting sick.",old
664,Yo mama is so old that she called the cops when David and Goliath started to fight.,old
663,Yo mama is so old that she knew Cap'n Crunch while he was still a private.,old
662,Yo mama is so old that she has a picture of Moses in her yearbook.,old
661,Yo mama is so old that she sat next to Jesus in third grade.,old
660,Yo mama is so old that she planted the first tree at Central Park.,old
659,Yo mama is so old that she's mentioned in the shout out at the end of the bible.,old
658,Yo mama is so old that her memory is in black and white.,old
657,Yo mama is so old that she learned to write on cave walls.,old
656,"Yo mama is so old that when Moses split the red sea, she was on the other side fishing.",old
655,Yo mama is so old that she needed a walker when Jesus was still in diapers.,old
654,"Yo mama is so old that when God said ""Let there be light"" she was there to flick the switch.",old
653,Yo mama is so old that she knew the Beetles when they were the New Kids on the Block.,old
652,Yo mama is so old that she knew Mr. Clean when he had hair.,old
651,Yo mama is so old that she baby-sat for Jesus.,old
650,Yo mama is so old that she walked into an antique store and they kept her.,old
649,Yo mama is so old that she DJ'd at the Boston Tea Party.,old
648,Yo mama is so old that she took her drivers test on a dinosaur.,old
647,Yo mama is so old that she drove a chariot to high school.,old
646,Yo mama is so old that she owes Fred Flintstone a food stamp.,old
645,"Yo mama is so old that when she farts, dust comes out.",old
644,Yo mama is so old that the candles cost more than the birthday cake.,old
643,Yo mama is so old she remembers when the Mayans published their calendar.,old
642,Yo mama is so old that she has an autographed bible.,old
641,Yo mama is so old that she co-wrote the Ten Commandments.,old
640,Yo mama is so old that she has Adam & Eve's autographs.,old
639,Yo mama is so old that her birth certificate is written in Roman numerals.,old
638,Yo mama is so old that her social security number is 1.,old
637,Yo mama is so old that she knew Burger King while he was still a prince.,old
636,"Yo mama is so old that I told her to act her own age, and she died.",old
635,Yo mama is so old that that when she was in school there was no history class.,old
634,"Yo mama is so old that her birth certificate says ""expired"" on it.",old
633,Yo mama is so old that they teach what she did in History Classes.,old
632,Yo mama is so bald that she took a shower and got brain-washed!,bald
631,Yo mama is so bald that you can see what's on her mind.,bald
630,Yo mama is so bald that even a wig wouldn't help!,bald
629,"Yo mama's so bald that when she braids her hair, it looks like stitches.",bald
628,"Yo mama's so bald that when she goes to bed, her head slips off the pillow.",bald
627,Yo mama's so bald that you could draw a line down the middle of her head and it would look like my ass.,bald
626,Yo mama's so bald that I can tell fortunes on her head.,bald
625,Yo mama's so hairy that she has to go to Furfest to meet a man.,hairy
624,Yo mama's so hairy and ugly that she got used as Ashitare's stunt double.,hairy
623,Yo mama's so hairy Naruto thought she was a Summon.,hairy
622,Yo mama is so hairy that the only language she can speak is wookie.,hairy
621,Yo mama is so hairy that when she's at a nude beach people think she's wearing a fur coat!,hairy
620,Yo mama is so hairy that two birds made nests in her armpits and she doesn't even know about it!,hairy
619,Yo mama is so hairy that she gets mistaken for Chewbacca's cousin.,hairy
618,"Yo mama is so hairy that people run up to her and say ""Chewbacca, can I get your autograph?""",hairy
617,Yo mama is so hairy that she got a trim and lost 20 pounds.,hairy
616,Yo mama's so hairy that she's got sideburns on her tits.,hairy
615,Yo mama is so hairy that her armpits look like she has Don King in a headlock.,hairy
614,"Yo mama is so hairy that if you shaved her legs, you could supply wigs for the entire Hair Club for Men.",hairy
613,Yo mama is so hairy that she shaves her legs with a weed wacker.,hairy
612,Yo mama is so hairy that the only language she can speak is wookie.,hairy
611,Yo mama is so hairy that Jane Goodall follows her around.,hairy
610,Yo mama is so hairy that she looks like a Chia pet with a sweater on.,hairy
609,Yo mama is so hairy that when I took her to a pet store they locked her in a cage.,hairy
607,Yo mama is so hairy that she looks like Bigfoot in a tank top.,hairy
606,Yo mama is so hairy that if she could fly she'd look like a magic carpet.,hairy
605,"Yo mama is so hairy that they filmed ""Gorillas in the Mist"" in her shower!",hairy
604,Yo mama is so hairy that you almost died of rug burn at birth!,hairy
603,Yo mama is so hairy that she looks like she has Buckwheat in a headlock.,hairy
602,Yo mama is so hairy that Bigfoot wants to take HER picture!,hairy
601,Yo mama's breath is so nasty that it chases away Miasma.,nasty
600,"Yo mama's so nasty that the order of the phoenix was ""stay away from that woman!""",nasty
599,"Yo mama's so nasty, every pair of her panties has the Dark Mark on them.",nasty
598,"Yo mama's so nasty, the Forbidden Forrest was named after her.",nasty
597,Yo mama is so nasty that her crabs use her tampon string as a bungee cord.,nasty
596,Yo mama is so nasty that the only dis I want to give her is a disinfectant.,nasty
593,"Yo mama is so nasty that when you were being delivered, the doctor was wearing the oxygen mask.",nasty
592,Yo mama is so nasty that her shit is glad to escape.,nasty
591,Yo mama is so nasty that next to her a skunk smells sweet.,nasty
590,"Yo mama is so nasty that I when I talked to her on the phone, she gave me an ear infection.",nasty
589,Yo mama is so nasty that she made right guard turn left.,nasty
588,Yo mama is so nasty that she has more crabs then Red Lobster.,nasty
586,Yo mama is so nasty that she's got more clap than an auditorium.,nasty
584,Yo mama is so nasty that she bit the dog and gave it rabies.,nasty
583,Yo mama is so nasty that she has to use Right Guard and Left Guard.,nasty
581,Yo mama is so nasty that I chatted with her on MSN and she gave me a virus.,nasty
580,Yo mama is so nasty that a skunk smelled her and passed out.,nasty
579,Yo mama is so nasty that she only changes her drawers once every 10000 miles.,nasty
578,Yo mama is so nasty that the fishery pays her to stay away.,nasty
576,Yo mama is so nasty that she brings crabs to the beach.,nasty
575,Yo mama is so nasty that she makes speed stick slow down.,nasty
574,Yo mama is so nasty that she has more rappers in her than an iPod.,nasty
573,"Yo mama is so ugly, that Pythagoras wouldn't touch her with a 3-4-5 triangle.",ugly
572,Yo mama's so ugly that you could put lipstick on a pig and it would look ten times better than her!,ugly
571,"Yo mama's so ugly that when she asked Crabbe to take her to the Yule Ball, he decided to go with Goyle instead!",ugly
570,Yo mama's so ugly she scares the Dementors away.,ugly
569,Yo mama's so ugly that as a baby they had to use the Confundus Charm so the family would play with her.,ugly
568,"Yo mama's so ugly, she thought that Hogwarts were the growth on her thigh.",ugly
567,"Yo mama's so ugly that Voldemort took one look at her and killed HIMSELF!""",ugly
566,Yo mama's so ugly she turned the Basilisk to stone.,ugly
565,"Yo mama's so ugly that when she walked into Gringotts Wizarding Bank, they gave her a job application.",ugly
564,"Yo mama's so ugly that when the bassalisk snuck up on her and saw her face, HE dropped dead.",ugly
563,Yo mama's so ugly that she lost a beauty contest to Mountain Troll.,ugly
562,Yo Mama's so ugly that even Voldemort won't say her name.,ugly
561,Yo mama's so ugly that the Dementor's Kiss was swapped out for a hearty handshake and a promise to give her a call sometime.,ugly
560,"Yo Mama's so ugly, everybody calls her ""She-Who-Must-Not-Be-Naked""",ugly
559,Yo mama's so ugly that the whomping willow saw her and died.,ugly
558,"Yo mama's so ugly, even a dementor wouldn't kiss her!",ugly
557,"Yo mama's so ugly that when Captain Jack Harkness saw her, he actually died.",ugly
556,"Yo mama's so ugly that when the Daleks Exterminate her, it's not for domination.",ugly
555,"Yo mama's so ugly that when she looks into the Tardis, the Tardis doesn't look into her.",ugly
554,"Yo mama's so ugly that Dalek's don't actually say 'Exterminate' when they see her, because they figure somebody else already got there first!",ugly
553,"Yo mama so ugly, winter turned around and left!",ugly
552,"Yo Mama so Ugly, she got turned down for ""Girls Gone Wilding""",ugly
551,Yo mama's so ugly that she makes Orochimaru look beautiful.,ugly
550,"Yo mama's so ugly that when Kakashi looked directly at her, he lost an eye.",ugly
549,"Yo mama's so ugly that when Nozomu Itoshiki saw her, he didn't even bother with his ""ZETSUBOUSHITA!"" speech - he skipped straight to hanging himself.",ugly
548,"Yo mama's so ugly, Saya thought she was a Chiropteran.",ugly
547,Yo Mama's so ugly even a Ferengi would dress her in clothes.,ugly
546,Yo mama's so ugly her Kazon hairdo is an improvement!,ugly
545,Yo Mama's so ugly even Data would need special eye googles to look at her.,ugly
544,Yo mama's so ugly that she's probably a Shi'ido Clawdite that stays in her regular form all the time.,ugly
543,"Yo mama's so ugly that she made doctor McCoy say ""Damnit Jim, I'm a doctor, not a Zoologist!""",ugly
542,Yo mama's so ugly that Dr. Evazan looks like a male supermodel next to her.,ugly
541,Yo mama's so ugly that the term 'bantha poodoo' wasn't used metaphorically with reference to her.,ugly
540,Yo mama's so ugly that Wuher said 'We don't serve your kind here'.,ugly
539,Yo mama's so ugly that she made Loz cry.,ugly
538,Yo mama's so ugly that she makes Sailor Bubba feel dirty.,ugly
537,Yo mama's so ugly that she made Spike Spiegel choke on his cigarette,ugly
535,"Yo mama's so ugly that she's like a Death Note. Get someone to look at her, and they'll die!",ugly
534,"Yo mama's so ugly, she's the real reason sasuke left the village.",ugly
533,"Yo mama's so ugly, even Tamaki wouldn't hit on her.",ugly
531,Yo Mama's so ugly she did the truly impossible: she made Captain James T Kirk's penis go limp.,ugly
530,Yo mama was such an ugly baby that her parents had to feed her with a slingshot.,ugly
528,Yo mama is so ugly that she put the Boogie Man out of business!,ugly
527,Yo mama is so ugly that when she was born she was put in an incubator with tinted windows.,ugly
526,Yo mama is so ugly that it looks like someone did the stanky leg dance on her face.,ugly
525,Yo mama is so ugly that she's never seen herself 'cause the mirrors keep breaking.,ugly
524,Yo mama is so ugly that government intelligence agencies have to pixelize her face when spying on her.,ugly
523,Yo mama is so ugly that a sculpture of her face is used when torturing prisoners at Guantanamo Bay.,ugly
522,"Yo mama is so ugly that the FCC requires her face to be blurred when she's on TV, because of decency rules.",ugly
521,"Yo mama is so ugly that when she walked out of her house, the neighbors called animal control.",ugly
520,Yo mama is so ugly that her face is blurred on her driver's license.,ugly
519,Yo mama is so ugly that when she went to Taco Bell everyone ran for the border.,ugly
518,"Yo mama is so ugly that I took her to the zoo, guy at the door said ""Thanks for bringing her back.""",ugly
517,Yo mama is so ugly that she could be the poster child for birth control.,ugly
516,"Yo mama is so ugly that if she was a scarecrow, the corn would run away.",ugly
515,Yo mama is so ugly that I took her to a haunted house and she came out with a job application.,ugly
514,Yo mama is so ugly that people hang her picture in their cars so their radios don't get stolen.,ugly
513,Yo mama is so ugly that Santa pays an elf to drop off her gifts at Christmas.,ugly
512,"Yo mama is so ugly that when she moved into the projects, all her neighbors chipped in for curtains.",ugly
511,Yo mama is so ugly that she can look up a camel's butt and scare the hump off of it.,ugly
510,"Yo mama is so ugly that when she looks in the mirror it says ""viewer discretion is advised.""",ugly
509,Yo mama is so ugly that people at the circus pay money not to see her.,ugly
508,Yo mama is so ugly that her pillow cries at night.,ugly
507,Yo mama is so ugly that it looks like she's been bobbing for french fries.,ugly
506,Yo mama is so ugly that she'd scare the monster out of Loch Ness.,ugly
505,Yo mama is so ugly that she threw a boomerang and it wouldn't even come back.,ugly
503,Yo mama is so ugly that she has 7 years bad luck just trying to look at herself in the mirror.,ugly
502,"Yo mama is so ugly that she didn't get hit with the ugly stick, she got hit by the whole damn tree.",ugly
501,"Yo mama is so ugly that when she was born, the doctor slapped her AND her parents!",ugly
499,"Yo mama is so ugly that when she walks in the kitchen, the rats jump on the table and start screaming.",ugly
498,Yo mama is so ugly that she gives Freddy Kreuger nightmares.,ugly
497,"Yo mama is so ugly that when she goes to the therapist, he makes her lie on the couch face down.",ugly
496,Yo mama is so ugly that they push her face into dough to make gorilla cookies.,ugly
495,Yo mama is so ugly that neither Jacob nor Edward want her on their team.,ugly
494,"Yo mama is so ugly that when she plays Mortal Kombat, Scorpion tells her to ""Stay Over There!""",ugly
493,Yo mama is so ugly that she gets 364 extra days to dress up for Halloween!,ugly
492,"Yo mama is so ugly that when I last saw a mouth like hers, it had a hook in it.",ugly
491,Yo mama is so ugly that she made an onion cry!,ugly
489,Yo mama is so ugly that you have to tie a steak around her neck so the dog will play with her!,ugly
488,Yo mama is so ugly that they pay her to put her clothes on in strip joints,ugly
487,"Yo mama is so ugly that when she drove past area 51, she was thought to be extraterrestrial life. They took her away never to be seen again.",ugly
486,"Yo mama is so ugly that that when she sits in the sand on the beach, cats try to bury her.",ugly
485,Yo mama is so ugly that she could make a freight train take a dirt road.,ugly
484,"Yo mama is so ugly that when she joined an ugly contest, they said ""Sorry, no professionals.""",ugly
483,"Yo mama is so ugly that when she uploaded a photo of herself to a computer, it was rejected by the anti-virus software.",ugly
482,Yo mama is so ugly that even Rice Krispies won't talk to her!,ugly
481,Yo mama is so ugly that they didn't give her a costume when she auditioned for Star Wars.,ugly
480,"Yo mama is so ugly that when she walks into a bank, they turn off the surveillance cameras.",ugly
479,Yo mama is so ugly that her mom had to be drunk to breast feed her.,ugly
478,"Yo mama is so ugly that when she walks down the street in September, people say ""Wow, is it Halloween already?""",ugly
477,Yo mama is so ugly that she tried to take a bath and the water jumped out!,ugly
476,Yo mama is so ugly that that your father takes her to work with him so that he doesn't have to kiss her goodbye.,ugly
473,Yo mama is so ugly that her shadow ran away from her.,ugly
472,Yo mama is so ugly that we put her in the kennel when we go on vacation.,ugly
471,"Yo mama is so ugly that the last time I saw something that looked like her, I pinned a tail on it.",ugly
470,Yo mama is so ugly that she climbed the ugly ladder and didn't miss a step.,ugly
469,Yo mama is so ugly that she makes blind children cry.,ugly
468,Yo mama is so ugly that she looks like she's been in a dryer filled with rocks.,ugly
467,"Yo mama is so ugly that when she looks in the mirror, the reflection looks back and shakes its head.",ugly
466,Yo mama is so ugly that... well... look at you!,ugly
465,Yo mama is so ugly that she scared the crap out of the toilet.,ugly
464,Yo mama is so ugly that she scares the roaches away.,ugly
463,Yo mama is so ugly that the government moved Halloween to her birthday!,ugly
462,Yo mama is so ugly that she turned Medusa to stone!,ugly
461,Yo mama is so ugly that people go as her for Halloween.,ugly
460,Yo mama is so ugly that she looked out the window and got arrested for mooning.,ugly
459,Yo mama is so ugly that when she went to a beautician it took 12 hours... to get a quote!,ugly
456,"Yo mama is so ugly that if she was a scarecrow, the corn would run away.",ugly
455,Yo mama is so ugly that I took her to a haunted house and she came out with a job application.,ugly
454,Yo mama is so ugly that people hang her picture in their cars so their radios don't get stolen.,ugly
453,Yo mama is so ugly that Santa pays an elf to drop off her gifts at Christmas.,ugly
452,"Yo mama is so ugly that when she moved into the projects, all her neighbors chipped in for curtains.",ugly
451,Yo mama is so ugly that she can look up a camel's butt and scare the hump off of it.,ugly
450,"Yo mama is so ugly that when she looks in the mirror it says ""viewer discretion is advised.""",ugly
449,Yo mama is so ugly that people at the circus pay money not to see her.,ugly
448,Yo mama is so ugly that her pillow cries at night.,ugly
447,Yo mama is so ugly that it looks like she's been bobbing for french fries.,ugly
446,Yo mama is so ugly that she'd scare the monster out of Loch Ness.,ugly
445,Yo mama is so ugly that she threw a boomerang and it wouldn't even come back.,ugly
444,Yo mama is so ugly that she practices birth control by leaving the lights on.,ugly
443,Yo mama is so ugly that she has 7 years bad luck just trying to look at herself in the mirror.,ugly
442,"Yo mama is so ugly that she didn't get hit with the ugly stick, she got hit by the whole damn tree.",ugly
441,"Yo mama is so ugly that when she was born, the doctor slapped her AND her parents!",ugly
440,Yo mama is so ugly that even Bill Clinton wouldn't sleep with her.,ugly
439,"Yo mama is so ugly that when she walks in the kitchen, the rats jump on the table and start screaming.",ugly
438,Yo mama is so ugly that she gives Freddy Kreuger nightmares.,ugly
437,"Yo mama is so ugly that when she goes to the therapist, he makes her lie on the couch face down.",ugly
436,Yo mama is so ugly that they push her face into dough to make gorilla cookies.,ugly
435,Yo mama is so ugly that neither Jacob nor Edward want her on their team.,ugly
434,"Yo mama is so ugly that when she plays Mortal Kombat, Scorpion tells her to ""Stay Over There!""",ugly
433,Yo mama is so ugly that she gets 364 extra days to dress up for Halloween!,ugly
432,"Yo mama is so ugly that when I last saw a mouth like hers, it had a hook in it.",ugly
431,Yo mama is so ugly that she made an onion cry!,ugly
430,"Yo mama is so ugly that just after she was born, her mother said ""What a treasure!"" and her father said ""Yes, let's go bury it.""",ugly
429,Yo mama is so ugly that you have to tie a steak around her neck so the dog will play with her!,ugly
428,Yo mama is so ugly that they pay her to put her clothes on in strip joints,ugly
427,"Yo mama is so ugly that when she drove past area 51, she was thought to be extraterrestrial life. They took her away never to be seen again.",ugly
426,"Yo mama is so ugly that that when she sits in the sand on the beach, cats try to bury her.",ugly
425,Yo mama is so ugly that she could make a freight train take a dirt road.,ugly
424,"Yo mama is so ugly that when she joined an ugly contest, they said ""Sorry, no professionals.""",ugly
423,"Yo mama is so ugly that when she uploaded a photo of herself to a computer, it was rejected by the anti-virus software.",ugly
422,Yo mama is so ugly that even Rice Krispies won't talk to her!,ugly
421,Yo mama is so ugly that they didn't give her a costume when she auditioned for Star Wars.,ugly
420,"Yo mama is so ugly that when she walks into a bank, they turn off the surveillance cameras.",ugly
419,Yo mama is so ugly that her mom had to be drunk to breast feed her.,ugly
418,"Yo mama is so ugly that when she walks down the street in September, people say ""Wow, is it Halloween already?""",ugly
417,Yo mama is so ugly that she tried to take a bath and the water jumped out!,ugly
416,Yo mama is so ugly that that your father takes her to work with him so that he doesn't have to kiss her goodbye.,ugly
415,Yo mama is so ugly that her birth certificate contained an apology letter from the condom factory.,ugly
414,Yo mama is so ugly that she could scare the flies off a shit wagon.,ugly
413,Yo mama is so ugly that her shadow ran away from her.,ugly
412,Yo mama is so ugly that we put her in the kennel when we go on vacation.,ugly
411,"Yo mama is so ugly that the last time I saw something that looked like her, I pinned a tail on it.",ugly
410,Yo mama is so ugly that she climbed the ugly ladder and didn't miss a step.,ugly
409,Yo mama is so ugly that she makes blind children cry.,ugly
408,Yo mama is so ugly that she looks like she's been in a dryer filled with rocks.,ugly
407,"Yo mama is so ugly that when she looks in the mirror, the reflection looks back and shakes its head.",ugly
406,Yo mama is so ugly that... well... look at you!,ugly
405,Yo mama is so ugly that she scared the crap out of the toilet.,ugly
404,Yo mama is so ugly that she scares the roaches away.,ugly
403,Yo mama is so ugly that the government moved Halloween to her birthday!,ugly
402,Yo mama is so ugly that she turned Medusa to stone!,ugly
401,Yo mama is so ugly that people go as her for Halloween.,ugly
400,Yo mama is so ugly that she looked out the window and got arrested for mooning.,ugly
399,Yo mama is so ugly that when she went to a beautician it took 12 hours... to get a quote!,ugly
398,"Yo Mama so dumb, she thought Bran Stark was a type of muffin.",stupid
397,"Yo mama so dumb, she lost a spelling bee to Hodor",stupid
396,Yo mama is so stupid that she tried to drop acid but the car battery fell on her foot.,stupid
395,"Yo mama's so stupid that when she broke her VCR, she bought a video tape on how to fix your VCR.",stupid
394,"Yo mama's so stupid that whenever someone rings the doorbell, she checks the microwave.",stupid
393,Yo mama's so stupid that she bought tickets to Xbox Live.,stupid
392,Yo mama's so stupid that she went to the dentist to get a bluetooth.,stupid
391,Yo mama's so stupid that she got locked inside a motorcycle.,stupid
390,Yo mama is so stupid that she locked her keys inside a motorcycle.,stupid
389,Yo mama is so stupid that she stole free bread.,stupid
388,Yo mama is so stupid that she put on bug spray before going to the flea market.,stupid
387,Yo mama is so stupid that she once attempted to commit suicide by jumping off a curb.,stupid
386,Yo mama is so stupid that she wouldn't know up from down if she had three guesses.,stupid
385,Yo mama is so stupid that at bottom of application where it says Sign Here - she put Scorpio.,stupid
384,Yo mama is so stupid that she put two M&M's in her ears and thought she was listening to Eminem.,stupid
383,Yo mama is so stupid that she thinks Tiger Woods is a forest.,stupid
382,Yo mama is so stupid that she thinks deadbeat is a type of music.,stupid
380,Yo mama is so stupid that she thinks socialism means partying!,stupid
378,"Yo mama is so stupid that when the judge said ""Order in the court,"" she said ""I'll have a hamburger and a Coke.""",stupid
377,Yo mama is so stupid that she thinks Johnny Cash is a pay toilet!,stupid
376,"Yo mama is so stupid that when I asked her if she wanted to play one on one, she said ""Ok, but what's the teams?""",stupid
375,Yo mama is so stupid that when they said they were playing craps she went and got toilet paper.,stupid
374,Yo mama is so stupid that when her husband lost his marbles she ran to the store and bought him new ones.,stupid
373,Yo mama is so stupid that she got hit by a parked car.,stupid
372,"Yo mama is so stupid that when she worked at McDonald's and someone ordered small fries, she said ""Hey Boss, all the small one's are gone.""",stupid
371,"Yo mama is so stupid that she picked up the phone and asked ""What button do I push?""",stupid
370,Yo mama is so stupid that she thought menopause was a button on the VCR.,stupid
369,Yo mama is so stupid that she took a ruler to bed to see how long she slept.,stupid
368,Yo mama is so stupid that she bought a solar-powered flashlight!,stupid
367,Yo mama is so stupid that she thinks a quarterback is a refund!,stupid
366,"Yo mama is so stupid that she asked you ""What is the number for 911?""",stupid
365,"Yo mama is so stupid that when she went to take the 44 bus, she took the 22 twice instead.",stupid
364,"Yo mama is so stupid that when she took you to the airport and a sign said ""Airport Left,"" she turned around and went home.",stupid
363,"Yo mama is so stupid that when she heard her neighbor was spanking the monkey, she called the humane society.",stupid
362,Yo mama is so stupid that she thought Mick Jagger was a breakfast sandwich!,stupid
361,"Yo mama is so stupid that if you gave her a penny for her thoughts, you'd get change.",stupid
360,Yo mama is so stupid that she tried to drown a fish.,stupid
359,"Yo mama is so stupid that I saw her walking down the street yelling into an envelope, asked what she was doing, and she said sending a voice mail.",stupid
358,Yo mama is so stupid that she sent me a fax with a stamp on it.,stupid
356,Yo mama is so stupid that she thinks sexual battery is something in a dildo.,stupid
355,Yo mama is so stupid that she thought a lawsuit was something you wear to court.,stupid
354,Yo mama is so stupid that she thinks a stereotype is the brand on her clock-radio.,stupid
353,Yo mama is so stupid that she can't make Jello because she can't fit 2 quarts of water in the box.,stupid
352,Yo mama is so stupid that on her job application where it says emergency contact she put 911.,stupid
351,Yo mama is so stupid that she asked for a price check at the dollar store.,stupid
350,Yo mama is so stupid that it takes her an hour to cook minute rice.,stupid
349,"Yo mama is so stupid that if she spoke her mind, she'd be speechless.",stupid
348,"Yo mama is so stupid that when she asked me what kinda jeans I wore, I said Guess and she said ""Ummm... Levis?""",stupid
347,"Yo mama is so stupid that she said ""what's that letter after x"". I said Y and she said ""Cause I wanna know"".",stupid
346,Yo mama is so stupid that she took lessons for a player piano.,stupid
345,Yo mama is so stupid that she thought meow mix was a record for cats.,stupid
343,Yo mama is so stupid that she sold the house to pay the mortgage.,stupid
342,Yo mama is so stupid that she called the 7-11 to see when they closed.,stupid
341,"Yo mama is so stupid that she shoved a AA battery up her butt and said ""I got the power!""",stupid
340,"Yo mama is so stupid that when she saw a ""Wrong Way"" sign in her rear view mirror, she turned around.",stupid
339,"Yo mama is so stupid that when she heard 90% of all crimes occur around the home, she moved.",stupid
338,Yo mama is so stupid that I saw her in the frozen food section with a fishing rod.,stupid
337,Yo mama is so stupid that she put a peephole in a glass door.,stupid
336,Yo mama is so stupid that she tries to insult you with yo mama jokes.,stupid
335,Yo mama is so stupid that she wiped her ass before she took a shit.,stupid
334,Yo mama is so stupid that I told her Christmas was just around the corner and she went looking for it.,stupid
333,Yo mama is so stupid that she ran outside with a purse because she heard there was change in the weather.,stupid
332,Yo mama is so stupid that she thinks Christmas Wrap is Snoop Dogg's holiday album.,stupid
330,"Yo mama is so stupid that she ordered a cheese burger from McDonald's and said ""Hold the cheese.""",stupid
329,Yo mama is so stupid that she put a quarter in a parking meter and waited for a gumball to come out.,stupid
328,Yo mama is so stupid that she put on a coat to chew winterfresh gum.,stupid
327,Yo mama is so stupid that she got fired from the M&M factory for throwing away all the W's.,stupid
326,Yo mama is so stupid that she ordered her sushi well done.,stupid
325,Yo mama is so stupid that she took a umbrella to see Purple Rain.,stupid
324,"Yo mama is so stupid that she sits on the TV, and watches the couch!",stupid
323,Yo mama is so stupid that she got stabbed in a shoot out.,stupid
322,Yo mama is so stupid that that she thought Boyz II Men was a day care center.,stupid
321,Yo mama is so stupid that she took a spoon to the Superbowl.,stupid
320,Yo mama is so stupid that she makes Beavis and Butt-Head look like Nobel Prize winners.,stupid
319,"Yo mama is so stupid, that she thought Moby Dick was a sexually transmitted disease.",stupid
317,Yo mama is so stupid that she puts lipstick on her head just to make-up her mind,stupid
316,Yo mama is so stupid that she thought St. Ides was a Catholic church.,stupid
315,Yo mama's so stupid that she though Jar-Jar came with Pickles-Pickles.,stupid
314,"Yo mama is so stupid that when she took an IQ test, the results came out negative.",stupid
313,Yo mama is so stupid that she tries to email people by putting envelopes into her computer's disk drive.,stupid
312,Yo mama is so stupid that she went to the store to buy a color TV and asked what colors they had.,stupid
311,Yo mama is so stupid that she threw a rock the ground and missed.,stupid
310,Yo mama is so stupid that she uses Old Spice for cooking.,stupid
308,"Yo mama is so stupid that she brought a cup to the movie ""Juice.""",stupid
307,Yo mama is so stupid that she leaves the house for the Home Shopping Network.,stupid
306,Yo mama is so stupid that she peals M&M's to make chocolate chip cookies.,stupid
305,Yo mama is so stupid that she got locked in a Furniture store and slept on the floor.,stupid
304,Yo mama is so stupid that in the 'No Child Left Behind' act there's a provision that exempts yo mama.,stupid
303,"Yo mama is so stupid that she was on the corner with a sign that said ""Will eat for food.""",stupid
302,Yo mama is so stupid that she put 2 quarters in her ears and thought she was listening to 50 cent.,stupid
301,"Yo mama is so stupid that when she pulled into the drive-thru at McDonald's, she drove through the window.",stupid
300,Yo mama is so stupid that she got locked out of a convertible car with the top down.,stupid
299,"Yo mama is so stupid that when she locked her keys in the car, it took her all day to get Yo family out.",stupid
298,"Yo mama is so stupid that I saw her jumping up and down, asked what she was doing, and she said she drank a bottle of medicine and forgot to shake it.",stupid
297,Yo mama is so stupid that she sat in a tree house because she wanted to be a branch manager.,stupid
296,"Yo mama is so stupid that when I was drowning and yelled for a life saver, she said ""Cherry or Grape?""",stupid
294,"Yo mama is so stupid that when the computer said ""Press any key to continue"", she couldn't find the 'Any' key.",stupid
293,Yo mama is so stupid that she thought brownie points were coupons for a bake sale.,stupid
292,Yo mama is so stupid that she needs twice as much sense to be a half-wit.,stupid
291,Yo mama is so stupid that she tried to commit suicide by jumping out of the basement window.,stupid
290,Yo mama is so stupid that I told her I was reading a book by Homer and she asked if I had anything written by Bart.,stupid
289,"Yo mama is so stupid, she went to the aquarium to buy a Blu-Ray.",stupid
288,Yo mama is so stupid that she stopped at a stop sign and waited for it to say go.,stupid
287,Yo mama is so stupid that she failed a survey.,stupid
286,Yo mama is so stupid that she climbed over a glass wall to see what was behind it.,stupid
285,Yo mama is so stupid that she put on her glasses to watch 20/20.,stupid
283,Yo mama is so stupid that she put a phone up her ass and thought she was making a booty call.,stupid
282,Yo mama is so stupid that she thought Dunkin' Donuts was a basketball team!,stupid
281,"Yo mama is so stupid that she asked me what yield meant, I said ""Slow down"" and she said ""What... does.... yield... mean?""",stupid
280,"Yo mama is so stupid that she spent twenty minutes lookin' at an orange juice box because it said ""concentrate"".",stupid
279,Yo mama is so stupid that she thought Grape Nuts was an STD.,stupid
278,"Yo mama is so stupid that when she read on her job application to not write below the dotted line she put ""OK"".",stupid
277,Yo mama is so stupid that she bought a video camera to record cable TV shows at home.,stupid
276,Yo mama is so stupid that she thinks Fleetwood Mac is a new hamburger at McDonald's!,stupid
275,Yo mama is so stupid that she thought Delta Airlines was a sorority.,stupid
274,Yo mama is so stupid that she took the Pepsi challenge and chose Dr. Pepper.,stupid
273,Yo mama is so stupid that that she tried to put M&M's in alphabetical order!,stupid
272,"Yo mama is so stupid that she told everyone that she was ""illegitimate"" because she couldn't read.",stupid
271,Yo mama is so stupid that she sold her car for gas money!,stupid
270,Yo mama is so stupid that she tripped over a cordless phone!,stupid
269,Yo mama is so stupid that you have to dig for her IQ!,stupid
268,Yo mama is so stupid that she got locked in a grocery store and starved!,stupid
267,"Yo mama is so stupid that when she went for a blood test, she asked for time to study.",stupid
266,"Yo mama is so stupid that when she saw the ""Under 17 not admitted"" sign at a movie theater, she went home and got 16 friends.",stupid
265,"Yo mama is so stupid that when your dad said it was chilly outside, she ran out the door with a spoon.",stupid
264,Yo mama is so stupid that it took her 2 hours to watch 60 Minutes!,stupid
263,Yo mama is so fat that Thanos had to snap his fingers twice to make her disappear.,fat
262,"Yo mama's so fat, it doesn't matter that the Tardis is bigger on the inside. She can't get through the door.",fat
261,"Yo mama's so fat, the Doctor caught her eating his psychic paper, thinking it was a burger.",fat
260,"Yo Mama's so fat that when she got upgraded by the cybermen, they turned her into an ice cream truck",fat
259,"Yo mama's so fat, the Pirate Planet tried to take her over.",fat
258,"Yo mama's so fat, she's bigger than both the outside AND the inside of the Tardis",fat
257,"Yo mama's so fat, the cyberman DOWNgraded her.",fat
256,Yo mama's so fat that IEEE is working on a wifi protocol so people can get the signals to reach users on opposite sides of her. It's called 802.11 Draft Fat Mama.,fat
255,"Yo mama's so fat that she doesn't just have a low center of gravity, she has an elliptical orbit.",fat
254,Yo mama's so fat that NASA shot a rocket into her ass looking for water.,fat
253,Yo mama's so fat that China uses her to block the internet.,fat
252,Yo mama's so fat that she and the great wall of China are used as reference points when astronauts look back at the Earth.,fat
251,Yo mama's so fat that THX can't even surround her.,fat
250,Yo mama's so fat that the long double numeric variable type in C++ is insufficient to express her weight.,fat
249,Yo mama's so fat that a recursive function computing her weight causes a stack overflow.,fat
248,Yo mama's so fat that scientists track her position by observing anomalies in Pluto's orbit.,fat
247,Yo mama's so fat that she expresses her weight in scientific notation.,fat
246,"Yo mama so fat, even Roose Bolton won't touch her",fat
245,"Yo mama so fat, she Winter-fell and couldn't get up!",fat
244,"Yo mama so fat, they've been calling her ""the wall"" for thousands of years!",fat
243,"Yo mama's so fat, Choji told her to lose weight.",fat
242,Yo mama's so fat that she tried to eat someone dressed as a box of Pocky!,fat
241,Yo mama's so fat that it took the entire Dragon Ball Z crew 1 week just to lift her off the ground.,fat
240,Yo mama's so fat she makes a Snorlax look like a chihuahua!,fat
239,Yo mama's so fat that she was mistaken for Mt. Fuji at the Sakura festival.,fat
238,"Yo Mama So Fat, she can't fit through the moon door.",fat
237,"Yo mama's so fat, she makes Vash look anorexic!",fat
236,Yo mama's so fat that she broke the HP limit!,fat
235,Yo mama's so fat that she cant even fit in the expanding plug suit.,fat
234,"Yo mama's so fat, she scared L into giving up all sweets.",fat
233,"Yo mama's so fat that when she sat down on a park bench, she caused the Naruto time skip.",fat
232,Yo mama's so fat that the Dragon Ball Z crew uses her to make craters on set.,fat
231,"Yo mama's so fat, Naruto couldn't make enough clones to see all sides of her.",fat
230,"Yo Mama's so fat, she walked in front of the TV and I missed three seasons of Inuyasha!",fat
229,"Yo mama's so fat that when she stepped on the scale, her weight was OVER 9000!!!",fat
228,"Yo Mama's so fat, when she fell over, she punched a hole in the fabric of space/time.",fat
227,"Yo Mama's so fat, she got stuck trying to enter the Nexus.",fat
226,"Yo Mama's so fat, she managed to contain a warp core breach.",fat
225,Yo Mama's so fat she wears her own inertia dampener.,fat
224,"Yo Mama's so fat, Data feels strong emotions of disgust and self-terminates.",fat
223,Yo Mama's so fat that when she walks into a room the replicators stop working.,fat
222,"Yo Mama's so fat, that in an attempt to beam her up, the ship ended up being pulled down to the surface.",fat
221,Yo mama's so fat that she crushed Boga as soon as she mounted her.,fat
220,Yo mama's so fat that her lack of balance caused her to stumble into an Utapau sinkhole.,fat
219,Yo mama's so fat that she caused Kamino to flood when her water broke.,fat
218,Yo mama's so fat that the Kaminoans couldn't use her as a host for clones since they couldn't pierce her skin deep enough to draw blood.,fat
217,"Yo mama's so fat that if she was thrown into the second Death Star's reactor core, she could have blown up the entire Imperial fleet.",fat
216,Yo mama's so fat that she fell to the dark side and couldn't get back up.,fat
215,Yo mama's so fat that Gardulla the Hutt had a boost in self-esteem after seeing her.,fat
214,Yo mama's so fat that the passengers of the Millennium Falcon mistook her for a small moon.,fat
213,"Yo mama's so fat that when she beams to a ship, the ship beams inside of her.",fat
212,Yo mama's so fat that only half her body was able to come out frozen from the carbon freezing chamber in Cloud City.,fat
211,Yo mama's so fat that Dexter Jettster mistook her for his wife.,fat
210,Yo mama's so fat that she makes the USS Enterprise look like a micro machines racer.,fat
209,Yo mama's so fat that when she tried to captain a galaxy class they had to separate the saucer so she could fit.,fat
208,Yo mama's so fat she makes Riker's belly look 3 atoms thick.,fat
207,Yo mama's so fat that she tried to fly through a temporal anomaly but she didn't fit.,fat
206,"Yo mama's so fat that if she were placed beside a changeling during regeneration, no one would know the difference.",fat
205,"Yo mama's so fat that she thought the opening line of Kirk's monologue was ""Spice, the final Frontier...""",fat
204,"Yo mama's so fat the odds against not finding her fat are approximately 3,720 to 1.",fat
203,Yo mama's so fat that Spock couldn't find a pressure point to perform the Vulcan Death Grip on her.,fat
202,Yo mama's so fat that even the Death Star couldn't blow her up!,fat
201,"Yo mama's so fat that ""ACORN"" registered her to vote eight times!",fat
200,Yo mama's so fat that Sarah Palin can't see Russia anymore!.,fat
199,Yo mama's so fat that Sarah Palin can see her from her house.,fat
198,"Yo mama's so fat that her biography is called ""The Audacity of Hardee's"".",fat
197,Yo mama's so fat that even Mitt Romney couldn't afford to take her out to dinner!,fat
196,Yo mama's so fat that she supported the bailout just because she wanted a 'barrel of pork'.,fat
195,Yo mama's so fat that the housing bubble popped because she sat on it!,fat
194,Yo mama's so fat that a $700 billion bailout would only keep her fed for a week.,fat
193,Yo mama's so fat the core of her wand has a cream filling.,fat
192,"Ya mama's so fat, her wand is a Slim Jim.",fat
191,Yo mama's so fat they'd have to use transfiguration to sneak her through the hole in the Gryffindor Tower.,fat
190,Yo mama's so fat even Grawp can't pick her up!,fat
189,Yo mama's so fat that even her Quidditch robes have stretch marks.,fat
188,Yo mama's so fat that it takes two boggarts to shape-shift into her!,fat
187,"Yo mama's so fat, she ate the Death Eaters.",fat
186,Yo mama's so fat that the sorting hat couldn't decide where to put her - she couldn't fit in any of the houses!!,fat
185,Yo mama's so fat that if she confronted a boggart it would morph into a treadmill.,fat
184,"Yo mama's so fat, she looked in the mirror of Erised and saw a ham!",fat
183,Yo mama's so fat that even the Dementors can't suck her soul out in one sitting.,fat
182,"Yo mama's so fat, she used the invisibility cloak as a bib.",fat
181,Yo mama's so fat the Sorting Hat assigned her to the House of Pancakes.,fat
180,"Yo mama's so fat that when she asked me ""what's up?"" I said ""your weight!""",fat
179,"Yo mama is so fat that in a love triangle, she'd be the hypotenuse.",fat
178,Yo mama is so fat that her derivative is strictly positive.,fat
177,Yo mama is so fat that the ratio of the circumference to her diameter is four.,fat
176,Yo mama is so fat that she took geometry in high school just cause she heard there was gonna be some pi.,fat
175,"Yo Mama's so fat, her Patronus is a Double-Whopper with Cheese.",fat
174,"Yo mama's so fat, she tried to eat Cornelius Fudge.",fat
173,"Yo mama's so fat, she makes Hagrid look like ""Mini-me"".",fat
172,Yo mama's so fat that a wingardium leviosa spell couldn't lift her.,fat
171,Yo mama's so fat that the Sorting Hat put her in all four houses!,fat
170,Yo mama is so fat that she uses the entire country of Mexico as her tanning bed.,fat
169,"Yo mama's so fat that when she walks, she changes the earth's rotation!",fat
168,"Yo mama's so fat that she doesn't get dreams, she gets movies!",fat
167,"Yo mama's so fat that when she goes on a scale, it reads ""lose some weight"".",fat
166,Yo mama's so fat that she doesn't need the internet - she's worldwide.,fat
165,"Yo mama's so fat that when she goes on a scale, it shows her own phone number.",fat
164,Yo mama is so fat that she's got every caterer in the city on speed dial!,fat
163,"Yo mama is so fat, Al Gore accuses her of global warning every time she farts!",fat
162,Yo mama is so fat that the stripes on her pajamas never end.,fat
161,Yo mama is so fat that she fell out of both sides of her bed.,fat
160,"Yo mama is so fat that when she went to Sea World the whales started singing ""We Are Family"".",fat
159,Yo mama is so fat that her sedan can fit 5 people... or just yo mama with the front seats removed.,fat
158,Yo mama is so fat that the camera TAKES AWAY 10 lbs from her appearance.,fat
157,"Yo mama is so fat that when she goes to an all you can eat buffet, they have to install speed bumps.",fat
156,Yo mama is so fat that she went to the fair and the kids thought she was a bouncy castle.,fat
155,Yo mama is so fat that she stands in two time zones.,fat
154,Yo mama is so fat that when she dances at a concert the whole band skips.,fat
152,Yo mama is so fat that that when I tried to drive around her I ran out of gas.,fat
151,Yo mama is so fat that when she fell over she rocked herself asleep trying to get up again.,fat
150,"Yo mama is so fat that when she visited Toronto's City Hall, she was arrested for attempting to smuggle 500 lbs of crack into Mayor Rob Ford's office.",fat
149,Yo mama is so fat that Dracula got Type 2 Diabetes after biting her neck.,fat
148,"Yo mama is so fat that when we were playing Call of Duty, I got a 20 kill streak for killing her.",fat
147,Yo mama is so fat that they use the elastic in her underwear for bungee jumping.,fat
146,Yo mama is so fat that she got hit by a parked car!,fat
145,"Yo mama is so fat that when she asked for a waterbed, they put a blanket over the ocean!",fat
144,Yo mama is so fat that she has to use a VCR as a beeper!,fat
143,Yo mama is so fat that even her clothes have stretch marks!,fat
142,"Yo mama is so fat that her butt drags on the ground and kids yell - ""there goes Santa Claus with his bag of toys!""",fat
141,Yo mama is so fat that she fell and created the Grand Canyon!,fat
140,"Yo mama is so fat that every time she walks in high heels, she strikes oil!",fat
139,Yo mama is so fat that that her senior pictures had to be taken from a helicopter!,fat
138,Yo mama is so fat that when she lies on the beach no one else gets any sun!,fat
137,"Yo mama so fat, all she wants for Christmas is to see her feet.",fat
136,Yo mama is so fat that she wakes up in sections!,fat
135,Yo mama is so fat that I had to take a train and two buses just to get on the her good side!,fat
134,Yo mama is so fat that her legs are like spoiled milk - white & chunky!,fat
133,Yo mama is so fat that she's got Amtrak written on her leg.,fat
132,Yo mama is so fat that whenever she goes to the beach the tide comes in!,fat
131,Yo mama is so fat that she has to buy three airline tickets.,fat
130,Yo mama is so fat that she looks like she's smuggling a Volkswagen!,fat
129,Yo mama is so fat that she's got her own area code!,fat
128,Yo mama is so fat that when she bungee jumps she goes straight to hell!,fat
127,Yo mama is so fat that her neck looks like a dozen hot dogs!,fat
126,Yo mama is so fat that even Chuck Norris couldn't run around her.,fat
125,"Yo mama is so fat that when she goes to a restaurant, she looks at the menu and says ""okay!""",fat
124,"Yo mama is so fat that when she gets on the scale it says ""to be continued"".",fat
123,Yo mama is so fat that even Dora can't explore her!,fat
122,"Yo mama is so fat that when she wants to shake someones hand, she has to give directions!",fat
121,Yo mama is so fat that she has been declared a natural habitat for condors.,fat
120,Yo mama is so fat that she went to the movie theater and sat next to everyone.,fat
119,Yo mama is so fat that we're in her right now!,fat
118,"Yo mama is so fat that she eats ""Wheat Thicks"".",fat
117,Yo mama is so fat that she got hit by a car and had to go to the hospital to have it removed.,fat
116,Yo mama is so fat that when you get on top of her your ears pop.,fat
115,"Yo mama is so fat that she was cut from the cast of E.T., because she caused an eclipse when she rode the bike across the moon.",fat
114,"Yo mama is so fat that when she was born, she gave the hospital stretch marks.",fat
113,Yo mama is so fat that we went to the drive-in and didn't have to pay for her because we dressed her up as a Toyota.,fat
112,"Yo mama is so fat that when she got hit by a bus, she said, ""Who threw that rock at me?""",fat
111,Yo mama is so fat that she uses a mattress for a tampon.,fat
110,Yo mama is so fat that she cant even jump to a conclusion.,fat
109,Yo mama is so fat that her waist size is the Equator.,fat
107,Yo mama is so fat that she went on a light diet. As soon as it's light she starts eating.,fat
106,Yo mama is so fat that she was in the Macy's Thanksgiving Day Parade... wearing ropes.,fat
105,Yo mama is so fat that she cut her leg and gravy poured out,fat
104,Yo mama is so fat that she uses redwoods to pick her teeth,fat
103,"Yo mama is so fat that when she lays on the beach, people run around yelling Free Willy.",fat
102,Yo mama is so fat that that she cant tie her own shoes.,fat
101,"Yo mama so fat, that went she stepped in the water, Thailand had to declare another tsunami warning.",fat
99,Yo mama is so fat that it took Usain Bolt 3 years to run around her.,fat
97,Yo mama is so fat that the only pictures you have of her were taken by satellite cameras.,fat
96,Yo mama is so fat that she stepped on a rainbow and made Skittles.,fat
95,Yo mama is so fat that she has her own gravity field.,fat
94,Yo mama is so fat that she cant reach into her back pocket.,fat
93,Yo mama is so fat that she sets off car alarms when she runs.,fat
92,Yo mama is so fat you have to roll over twice to get off her.,fat
91,"Yo mama is so fat that at the zoo, the elephants throw HER peanuts.",fat
90,Yo mama is so fat that she's on both sides of the family!,fat
89,Yo mama is so fat that they have to grease the bath tub to get her out!,fat
88,Yo mama is so fat that when she sits on my face I can't hear the stereo.,fat
87,Yo mama is so fat that NASA has to orbit a satellite around her!,fat
86,"Yo mama is so fat that when she plays hopscotch, she goes ""New York, L.A., Chicago...""",fat
85,Yo mama is so fat that she influences the tides.,fat
83,Yo mama is so fat that when she jumps up in the air she gets stuck!,fat
82,"Yo mama is so fat that when she goes to an amusement park, people try to ride HER!",fat
81,Yo mama is so fat that she gets her toenails painted at Lucky's Auto Body.,fat
80,"Yo mama is so fat that she measures 36-24-36, and the other arm is just as big.",fat
79,Yo mama is so fat that eating contests have banned her because she is unfair competition.,fat
78,"Yo mama is so fat that she doesn't have a tailor, she has a contractor.",fat
77,Yo mama is so fat her headphones are a pair of PA speakers connected to a car amplifier.,fat
76,Yo mama is so fat MTX audio's sub-woofers couldn't rattle her bones!,fat
75,"Yo mama is so fat when she goes skydiving she doesn't use a parachute to land, she uses a twin-engine plane!",fat
74,Yo mama is so fat that she can't even fit into an AOL chat room.,fat
73,Yo mama is so fat that when she runs the fifty-yard dash she needs an overnight bag.,fat
72,Yo mama is so fat that her blood type is Ragu.,fat
71,"Yo mama is so fat that when shes standing on the corner police drive by and yell, Hey, break it up.",fat
70,Yo mama is so fat that the shadow of her butt weighs 100 pounds.,fat
69,Yo mama is so fat that I ran around her twice and got lost.,fat
68,Yo mama is so fat that she could sell shade.,fat
67,Yo mama is so fat that she puts on her lipstick with a paint-roller!,fat
66,"Yo mama is so fat that when she takes a shower, her feet don't get wet.",fat
65,Yo mama is so fat that a picture of her would fall off the wall.,fat
64,"Yo mama is so fat that her belly button doesn't have lint, it has sweaters.",fat
63,Yo mama is so fat that when she turns around people throw her a welcome back party.,fat
62,Yo mama is so fat that her bellybuttons got an echo.,fat
61,Yo mama is so fat that she had to go to Sea World to get baptized.,fat
60,"Yo mama is so fat that when she hauls ass, she has to make two trips.",fat
59,Yo mama is so fat that she was born with a silver shovel in her mouth.,fat
58,Yo mama is so fat that she puts mayonnaise on aspirin.,fat
57,"Yo mama is so fat that the sign inside one restaurant says, Maximum occupancy: 300, or Yo mama.
",fat
56,Yo mama is so fat that she could fall down and wouldn't even know it.,fat
55,"Yo mama is so fat that she was born on the fourth, fifth, and sixth of June.",fat
54,Yo mama is so fat that she has to pull down her pants to get into her pockets.,fat
53,Yo mama is so fat that even Bill Gates couldn't pay for her liposuction!,fat
52,Yo mama is so fat that God couldn't light the Earth until she moved!,fat
51,"Yo mama is so fat that when she tripped on 4th Ave, she landed on 12th.",fat
50,"Yo mama is so fat that when she gets on the scale it says ""We don't do livestock"".",fat
49,Yo mama is so fat that she fell in love and broke it.,fat
48,"Yo mama is so fat that when she steps on a scale, it reads ""one at a time, please"".",fat
47,"Yo mama is so fat that when she sits around the house, she SITS AROUND THE HOUSE!",fat
46,"Yo mama is so fat that the highway patrol made her wear a sign saying ""Caution! Wide Turn"".",fat
45,Yo mama is so fat that Weight Watchers won't look at her.,fat
44,"Yo mama is so fat that the last time the landlord saw her, he doubled the rent.",fat
43,"Yo mama is so fat that she doesn't eat with a fork, she eats with a forklift.",fat
42,Yo mama is so fat that she broke the Stairway to Heaven.,fat
41,Yo mama is so fat that she has to put her belt on with a boomerang.,fat
40,"Yo mama is so fat that when she goes to a buffet, she gets the group rate.",fat
39,Yo mama's so fat she blew up the Death Star.,fat
38,Yo mama is so fat that she uses two buses for roller-blades.,fat
37,"Yo mama is so fat that when she was growing up she didn't play with dolls, she played with midgets.",fat
36,"Yo mama is so fat that when she ran away, they had to use all four sides of the milk carton to display her picture.",fat
35,"Yo mama is so fat that when she sings, it's over for everybody.",fat
34,"Yo mama is so fat that when she got her shoes shined, she had to take the guy's word for it.",fat
33,Yo mama is so fat that she looks like shes smuggling a Volkswagen.,fat
32,Yo mama is so fat that her cereal bowl came with a lifeguard.,fat
31,"Yo mama is so fat that when she climbed onto a diving board at the beach, the lifeguard told your dad ""sorry, you can't park here"".",fat
30,Yo mama is so fat that she comes at you from all directions.,fat
29,Yo mama is so fat that she walked into the Gap and filled it.,fat
28,Yo mama is so fat that she was zoned for commercial development.,fat
27,Yo mama is so fat that she gets group insurance.,fat
26,Yo mama is so fat that even god can't lift her spirit.,fat
25,"Yo mama is so fat that when she sat on an iPhone, it turned into an iPad.",fat
24,"Yo mama is so fat that when she sat on Wal-Mart, she lowered the prices.",fat
23,Yo mama is so fat that I took a picture of her last Christmas and it's still printing!,fat
22,Yo mama is so fat that light bends around her.,fat
21,"Yo mama is so fat that the last time she saw 90210, it was on a scale.",fat
20,"Yo mama is so fat that when she talks to herself, it's a long distance call.",fat
19,"Yo mama is so fat that when she bungee jumps, she brings down the bridge too.",fat
18,"Yo mama is so fat that that when she sits on the beach, Greenpeace shows up and tries to tow her back into the ocean...",fat
17,Yo mama is so fat that you have to grease the door frame and hold a twinkie on the other side just to get her through!,fat
16,"Yo mama is so fat that when she walked in front of the TV, I missed 3 seasons of Breaking Bad.",fat
15,Yo mama is so fat that she was floating in the ocean and Spain claimed her for the New World.,fat
14,Yo mama is so fat that people jog around her for exercise.,fat
13,Yo mama is so fat that she left the house in high heels and came back wearing flip flops.,fat
12,Yo mama is so fat that she has to iron her pants on the driveway.,fat
11,"Yo mama is so fat that when her beeper goes off, people think she's backing up.",fat
10,"Yo mama is so fat that when she gets in an elevator, it has to go down.",fat
9,Yo mama is so fat that she sat on a dollar and squeezed a booger out George Washington's nose.,fat
8,Yo mama is so fat that the only exercise she gets is when she chases the ice cream truck.,fat
7,Yo mama is so fat that she looked up cheat codes for Wii Fit,fat
6,Yo mama is so fat she threw on a sheet for Halloween and went as Antarctica.,fat
5,Yo mama is so fat and dumb that the only reason she opened her email was because she heard it contained spam.,fat
4,"Yo mama is so fat that when she wears a yellow raincoat, people yell ""taxi!""",fat
3,Yo mama is so fat that the National Weather Service names each one of her farts.,fat
2,"Yo mama is so fat that when she was diagnosed with a flesh-eating disease, the doctor gave her ten years to live.",fat
1,Yo mama is so fat that her bellybutton gets home 15 minutes before she does.,fat
